{
  "operator": {
    "name": "TANAGER-1",
    "catnr": 60507,
    "epoch": "2026-07-09T16:54:52.662816+00:00",
    "inclination_deg": 97.2281,
    "mean_motion_rev_day": 15.43935842,
    "period_min": 93.26812428517998,
    "perigee_alt_km": 432.62435218671453,
    "apogee_alt_km": 436.38901908739626
  },
  "operator_tle_name": "TANAGER-1",
  "raw_catalog_rows": 15985,
  "prefilter_catalog_rows": 663,
  "screened_catalog_rows": 25,
  "phase_guess_candidate_count": 27,
  "recoverable_candidate_count": 21,
  "selected_candidate_count": 3,
  "best_candidate": {
    "candidate_id": "out30_delay1800_rec900",
    "outage_s": 30,
    "ballistic_delay_s": 1800,
    "ballistic_delay_min": 30.0,
    "total_ballistic_s": 1830,
    "total_ballistic_min": 30.5,
    "recovery_horizon_s": 900,
    "recovery_horizon_min": 15.0,
    "recovery_orbits": 0.16082916368834882,
    "state_start_dR_km": -0.0004484219699346418,
    "state_start_dT_km": 0.0003930525634799954,
    "state_start_dN_km": 0.0,
    "state_start_dVR_mps": -0.00031003371064878985,
    "state_start_dVT_mps": 0.0008333489675165814,
    "state_start_dVN_mps": 0.0,
    "outage_terminal_error_km": 2.603838540815149e-06,
    "recovery_start_error_km": 0.0005962990699122886,
    "phase_r_deg": 180.0,
    "phase_t_deg": 45.0,
    "phase_n_deg": 90.0,
    "phase_r_rad": 3.141592653589793,
    "phase_t_rad": 0.7853981633974483,
    "phase_n_rad": 1.5707963267948966,
    "priority_axis": "T",
    "q_like_r_km_s2": 1.45169664130024e-09,
    "q_like_t_km_s2": -1.8964434539813754e-09,
    "q_like_n_km_s2": -0.0,
    "terminal_position_error_km": 0.001430540559312949,
    "terminal_velocity_error_mps": 0.002784167850340969,
    "extra_dv_mps": 0.005669672150280532,
    "solver_nfev": 31,
    "solver_success": true,
    "recoverable_flag": true,
    "tradeoff_score": 0.461116689545773,
    "ssa_eval_object_count": 10,
    "new_close_approach_count": 0,
    "baseline_min_catalog_miss_distance_km": 185.76574336115382,
    "candidate_min_catalog_miss_distance_km": 185.76658005484342,
    "delta_min_miss_distance_km": 0.0008366936895924937,
    "candidate_p10_catalog_miss_distance_km": 881.280703250593,
    "risk_proxy_peak": 4.956662208142207e-34,
    "risk_proxy_p95": 5.732821073965416e-69,
    "nearest_object_name": "ASTROCAST-0401",
    "nearest_object_catnr": 55110,
    "nearest_object_baseline_miss_km": 185.76574336115382,
    "nearest_object_candidate_miss_km": 185.76658005484342
  },
  "outputs": {
    "local_catalog": "outputs\\local_catalog_screened.csv",
    "operator_trajectory": "outputs\\operator_trajectory.csv",
    "search_space": "outputs\\phase_guess_search_space.csv",
    "selected_candidates": "outputs\\ssa_selected_candidates.csv",
    "summary": "outputs\\run_summary.json",
    "plot": "outputs\\ssa_aware_pareto.png"
  }
}